summary,important_facts,main_characters
" The text reflects on the historical significance and cultural heritage of Slovakia, emphasizing the valor and struggles of its ancestors. It expresses a deep admiration for the rich history of the Slovak people, particularly their fight for independence and their role in the creation of the Great Moravian state. The narrative seeks to awaken national pride and a sense of duty towards the homeland, inspired by the legacy of historical figures like Saints Cyril and Methodius, who brought Christianity to the region.","['The history of Slovakia is marked by the bravery and sacrifices of its ancestors in their quest for independence.', 'The Great Moravian state was formed in connection with neighboring regions like Moravia, Silesia, and Bohemia.', 'The contributions of historians such as Palacký, Šafárik, and Sasinek have been crucial in documenting and preserving the history of the Slovak people.']","['Saints Cyril', 'Saints Methodius', 'The historical ancestors of the Slovak people']"
" ""Krpčeky sv. Floriána"" is a comedic play in three acts that explores the absurdity of adult life through the lens of its characters, who often exhibit the emotional maturity of fifteen-year-olds. The story revolves around the lives of several individuals, including a landowner, his wife, and their daughter, as they navigate relationships and societal expectations, all while engaging in humorous antics and misunderstandings that highlight the contrast between their childish behaviors and adult responsibilities.","[""The play is structured in three acts, highlighting the comedic elements of the characters' interactions."", 'The motto reflects the theme that many people do not mature beyond their teenage years, leading to a façade of adulthood.', 'The characters include a mix of professionals and family members, showcasing different societal roles and their associated absurdities.']","['Andrej Jedlinský - the landowner', 'Cilka - his wife', 'Oľga - their daughter']"
" The book ""Hlava I. Škola v Jelšave"" discusses the historical significance of the school in Jelšava (Alnovia) and its role in promoting education and civic order among its inhabitants. It highlights the efforts of various rectors who contributed to the school's development and the pursuit of knowledge, reflecting the community's dedication to education and moral integrity. The narrative outlines the lives and achievements of prominent figures associated with the school, emphasizing the impact of their work on the local society and the legacy of education in the region.","['The inhabitants of Jelšava were committed to improving their local school, demonstrating a strong community spirit and dedication to education.', 'Several notable rectors, including Juraj Fabricius and Eliáš Lániza, played significant roles in establishing and enhancing the quality of education in Jelšava.', 'The book reflects on the broader cultural and historical context of the time, illustrating how education was intertwined with moral values and community identity.']","['Juraj Fabricius - A prominent rector who significantly contributed to the establishment of educational foundations in Jelšava.', 'Eliáš Lániza - An influential figure in promoting personal and scholarly excellence at the Jelšava school before 1597.', 'Juraj Conradi - A notable rector whose work helped preserve the legacy of the Conradi family in the field of education.']"
" The text celebrates the 50th birthday of the Slovak poet Pavol Országh Hviezdoslav, highlighting his profound impact on Slovak culture and literature. It emphasizes his role as a national figure who transcends political and social turmoil, using poetry as a means of uplifting and uniting the Slovak people. Hviezdoslav is portrayed as a beacon of hope and a defender of national identity, whose creative output serves as a spiritual monument more enduring than stone. The text calls for appreciation and recognition of his contributions, while also lamenting the societal obstacles he faces.","['Pavol Országh Hviezdoslav has significantly influenced Slovak literature and culture for over thirty years, starting from 1868.', 'His poetry embodies a deep connection to the Slovak people, addressing their struggles and aspirations, and serving as a source of spiritual strength.', ""The text urges the Slovak people to honor and celebrate Hviezdoslav's contributions, despite societal challenges and restrictions on public acknowledgment.""]","['Pavol Országh Hviezdoslav (the poet)', 'The Slovak people (represented as a collective character)', 'The unnamed societal figures or authorities who restrict the celebration of Hviezdoslav.']"
" ""Ohlas srbskej piesne"" is a poetic narrative set near the fortress of Belgrade, where a young Serbian man tends to his horse by the Danube River. As he does so, he is disturbed by a black bunčuk (a symbol of Turkish power) fluttering in the wind, which brings forth a mystical figure, the Water Nymph of the Danube. She warns him about the consequences of his anger and reminds him of the legendary hero Dugovič, who bravely defended Belgrade against the Turks. The poem explores themes of bravery, the struggle against oppression, and the connection between nature and folklore.","['The poem references the historical figure Dugovič Titus, a hero known for defending Belgrade in 1456 against the Turks.', 'The bunčuk symbolizes Turkish authority and serves as a focal point of conflict in the narrative.', 'The Water Nymph of the Danube plays a crucial role in guiding the young Serbian man and providing him with wisdom.']","['The Young Serbian Man (Šuhaj Srbín)', 'Water Nymph of the Danube (Víla Dunajka)', 'Dugovič Titus']"
" The book explores the rich tradition of Slavic folk songs and their integral role in preserving ancient customs and celebrations. It highlights how these traditional songs contribute to the cultural heritage of the Slavic people, reflecting their history through festivities, games, and dances that have been passed down from generations.","['Slavic folk songs play a crucial role in maintaining ancient customs and traditions.', 'The celebrations, games, and dances associated with these songs have origins that trace back to the earliest times.', 'The preservation of these traditions is essential for the cultural identity of the Slavic people.']","['Abbate Fortis (as a representative voice discussing the importance of folk traditions)', 'The Slavic people (as a collective character embodying the culture and traditions)', 'The ancient ancestors (implied characters whose customs and traditions are being preserved)']"
" The text reflects on the life and contributions of Dr. Gustáv Zechenter, a significant figure in the Slovak cultural, national, and political renaissance. As one of the last witnesses of this era, he emerged as a writer during the revolutionary wave of 1848, contributing to Slovak literature and journalism despite his primary career as a physician. The narrative expresses a sense of loss for the literary potential that Zechenter did not fully realize, as he devoted more time to his medical practice than to literature. His works, characterized by humor and a keen observation of people and nature, filled a vital gap in Slovak literature during the period from 1860 to 1880.","['Dr. Gustáv Zechenter was an influential figure in the Slovak cultural and political renaissance, known for his early writings during the revolutionary period of 1848.', 'Despite his talent and potential as a writer, Zechenter primarily focused on his medical career, which limited his contributions to literature.', 'His literary works, particularly noted for their humor and precise style, played a significant role in enriching Slovak literature during the 1860-1880 period.']","['Dr. Gustáv Zechenter', 'Ľudovít Štúr (mentioned as a correspondent)', 'Jozef Podhradský (mentioned as a contemporary)']"
" The text reflects on the fleeting nature of youth and the passage of time, expressing a deep sense of nostalgia for the carefree days of youth that have vanished. The speaker reminisces about the joys and simplicity of past experiences, likening them to beautiful memories that have been carried away like bubbles or leaves. They ponder the loss of these moments and the bittersweet feelings associated with growing older while longing for the return of those joyful times.","['The poem emphasizes the transitory nature of youth and the inevitable passage of time.', 'It uses vivid imagery and metaphors to convey nostalgia and the beauty of past experiences.', 'The speaker expresses a yearning for the return of joyful moments and the innocence of youth.']","['The Speaker (the reflective voice of the poem)', 'Time (as a personified concept)', 'Memories (as abstract entities that the speaker interacts with)']"
,[],[]
" The text discusses the significance of Karol Kuzmány, a prominent figure in Slovak history, particularly in the realms of literature, nationalism, and education. Celebrated for his contributions as a poet, priest, and national organizer, Kuzmány embodies the spirit of his time and is recognized for his dedication to uplifting the Slovak nation. The author emphasizes the importance of understanding Kuzmány’s life and works as a means of appreciating the cultural and historical context of Slovakia, while also encouraging the younger generation to learn from the examples set by great figures like Kuzmány.","['Karol Kuzmány is celebrated as a major poet and national figure in Slovak history, comparable to other literary giants like Kollár and Sládkovič.', ""Kuzmány's contributions extend beyond poetry; he also played significant roles as a priest, educator, and national organizer."", 'The text highlights the importance of documenting and understanding the lives of influential figures like Kuzmány for the cultural and educational development of the Slovak nation.']","['Karol Kuzmány', 'Ján Kollár', 'Andrej Sládkovič']"
" ""Riadenie v živote"" is a reflective poem that serves as advice from a father to his son about navigating the complexities of life. It emphasizes the importance of resilience in the face of adversity, the coexistence of good and evil, and the need for self-awareness and purpose. The poem encourages the son to maintain a focus on his origins and goals while remaining steadfast against the temptations of complaining about the transience of life.","['The poem highlights the inevitability of experiencing both good and bad in life, teaching the importance of endurance.', ""It emphasizes the need for self-reflection and understanding one's beginnings and ultimate purpose."", ""The message encourages resilience and a positive mindset despite life's challenges and frustrations.""]","['The Father (the narrator)', 'The Son (the recipient of the advice)', 'The Creator (implied figure, representing a higher power or divine influence)']"
" ""Trinásta pieseň"" is a romantic and tragic narrative set in 1845, focusing on the complex emotional struggles of young Adolf Barín, an orphan raised by a priest. The story unfolds through his conversations with his friend Karol, revealing Adolf's deep love for Laura Romsauer, the daughter of a wealthy merchant. Despite their mutual affection, societal class differences pose a significant barrier to their union. As Adolf grapples with his identity, belonging, and the pressures of love, he faces a devastating setback when his poetry is harshly criticized by a respected figure. This rejection leads him into a spiral of despair, ultimately culminating in his demise as Laura moves on with another suitor, leaving behind a poignant reflection on love, loss, and the harsh realities of life.","['The narrative explores themes of love, identity, and social class in the context of 19th-century Slovakia.', 'Adolf Barín, the protagonist, is a foundling who struggles with feelings of belonging and societal acceptance.', ""The story ends tragically with Adolf's death after being rejected, while Laura, the object of his affection, marries another man shortly thereafter.""]","['Adolf Barín - the sensitive and passionate protagonist, an orphan and aspiring poet.', ""Karol - Adolf's close friend who supports him throughout his emotional turmoil."", ""Laura Romsauer - the beautiful daughter of a wealthy merchant, who is the object of Adolf's affection.""]"
,[],[]
,[],[]
,[],[]
" ""Popelvár špatná tvár"" is a Slovak fairy tale about a king with three sons. The youngest, known as Popelvár (meaning ""Ash Face""), is neglected by his family due to his appearance and is often ridiculed. However, when a mysterious problem arises with the king's valuable meadow, the older brothers fail to solve it, while Popelvár, with the help of a kind mouse, discovers the secret and saves the meadow. His bravery and cleverness eventually lead him to win the heart of a beautiful princess, proving that true worth lies beyond appearances.","['Popelvár, the youngest son, is initially disregarded due to his appearance but ultimately proves his worth through cleverness and bravery.', 'A kind mouse helps Popelvár by providing him with magical harnesses that allow him to capture three enchanted horses.', 'Popelvár wins the love of a princess by successfully retrieving golden items during a contest, which his brothers fail to achieve.']","['Popelvár (Ash Face) - the youngest son of the king, who is initially overlooked but proves himself.', 'The King - father of the three sons, who values the achievements of his older sons.', 'The Kind Mouse - a magical creature that aids Popelvár in his quest.']"
" The book revolves around Dr. Plachý, a physician, and his interactions with his family members and household staff. It explores themes of familial relationships and the dynamics within a household, showcasing the lives of those connected to Dr. Plachý, including his cousin Milica and the various servants who work for him. Each character brings their own story and perspective, contributing to a rich tapestry of life surrounding the doctor.","['Dr. Plachý is a central figure in the story, serving as a physician and the head of the household.', ""Milica is Dr. Plachý's cousin, indicating a familial connection that influences the narrative."", 'The household includes various staff members, such as a maid, cook, and servant, highlighting the social dynamics of their relationships.']","['Dr. Plachý', 'Milica', 'Ján Topoľ']"
" The story unfolds in the picturesque Tatra Mountains, focusing on the lives of two families: the Smrečinskys and the Dubinas. The central characters, Anička Smrečinská, a beautiful and diligent young woman, and Martin Dubina, a hardworking and skilled young man, share a deep bond that blossoms into love. The narrative explores their daily lives intertwined with nature, their labor in the mountains, and their mutual affection, showcasing the simplicity and beauty of their existence. The backdrop of the Tatra Mountains serves as a character in itself, highlighting the connection between the people and their environment. Through their shared experiences, the families exemplify the themes of love, community, and the importance of nature in finding happiness.","['Anička and Martin are deeply in love, with their relationship representing the ideal of pure, natural affection in contrast to societal complexities.', ""The Tatra Mountains are depicted not only as a beautiful setting but also as an integral part of the characters' lives, influencing their work, relationships, and happiness."", 'The story emphasizes the simplicity of rural life and the joy found in nature, suggesting that true happiness comes from living in harmony with the environment.']","['Anička Smrečinská - The beautiful daughter of the Smrečinský family, known for her hard work and charm.', 'Martin Dubina - The son of the Dubina family, a skilled worker and passionate hunter, who is in love with Anička.', ""Starý Smrečinský - Anička's father, a seasoned hunter who shares a close bond with his daughter and appreciates the beauty of their life in the mountains.""]"
,[],[]
" The text is a preface written by J. J. Hanuš, discussing the importance of Slavic national songs, legends, proverbs, and other ancient customs for the national life of the Slavs. Hanuš emphasizes the significance of understanding the origins and meanings of pagan Slavic rituals, which continue to influence modern customs despite their original meanings being lost. He reflects on his past work and research efforts aimed at exploring Slavic antiquities and mythology, proposing a comparative approach to study the traditions of the Slavs and other related nations. The preface serves as an introduction to a calendar of Slavic mythology that he has compiled, aiming to provide a deeper understanding of Slavic cultural heritage.","['The author emphasizes the importance of recognizing the significance of national songs, legends, and ancient customs in Slavic culture.', 'Hanuš has dedicated his life to studying Slavic antiquities and mythology, using a comparative method to analyze customs across Slavic and related nations.', 'The preface introduces a calendar of Slavic mythology, intended to offer insight into ancient pagan customs and their relevance in contemporary culture.']","['J. J. Hanuš (the author)', 'The Slavic people (collective representation of the culture discussed)', 'Ancient Slavic deities and figures (referenced indirectly through customs and rituals)']"
,[],[]
,[],[]
" ""Divné milosrdenstvo"" is a poignant tale set in a picturesque village where a widow, Mikulová, struggles to raise her four children in poverty after the death of her husband. The eldest son, Adam, shows great promise and resourcefulness despite their dire circumstances. However, their lives take a tragic turn when the local notary decides to take Adam away to be raised by wealthier parents, believing that it is in the boy's best interest. Mikulová fiercely resists this decision, but ultimately, Adam is forcibly separated from his family. The story follows Adam and his friend Šimon as they endure hardships and navigate their way back home, showcasing their resilience and the deep bond of friendship amidst the backdrop of cultural and personal loss.","['The story highlights the struggles of a widow, Mikulová, trying to raise her four children in extreme poverty.', 'Adam, the eldest child, is taken away by the notary to be raised by wealthier parents, which leads to a dramatic conflict with his mother.', 'Adam and his friend Šimon embark on a difficult journey to return home after being separated, facing numerous challenges along the way.']","['Adam Mikula - The eldest son of Mikulová, resourceful and determined.', 'Mikulová - The widow and mother of four, fiercely protective of her children.', ""Šimon - Adam's close friend who shares in his struggles and journey back home.""]"
" The story unfolds in 1833 in Liptovský Sv. Mikuláš, where Aunt Aurelia from Vienna is experiencing a momentous occasion in her life. She has orchestrated a significant event for her niece, Zuzka Levková, who is engaged to Franz Brettschneider, a secretary to a notable prince in Austria. The narrative captures the societal norms and expectations of the time, particularly surrounding marriage and the importance of family heritage. Zuzka, the eldest of nine children, is preparing to leave her hometown for a new life, filled with both excitement and trepidation. The story highlights the intricate details of their lives, including traditional customs, the significance of material possessions, and the bittersweet emotions tied to impending change.","['The story is set in 1833, focusing on the life of Zuzka Levková and her engagement to Franz Brettschneider.', ""Aunt Aurelia has a significant influence on Zuzka's life, having raised her and prepared her for her future in Vienna."", 'The narrative reflects the societal customs and traditions of the time, emphasizing the importance of family, marriage, and the heritage of material possessions.']","['Zuzka Levková - The main protagonist, engaged to Franz Brettschneider.', ""Aunt Aurelia - Zuzka's influential aunt from Vienna who orchestrates her engagement."", ""Franz Brettschneider - Zuzka's fiancé, a secretary to a powerful prince.""]"
,[],[]
" The book explores the life and teachings of the prophet Ezekiel, a significant figure in the history of the Israelite religion. It delves into his character, the critical context in which he lived, and the systematic nature of his theological ideas. The study is divided into three parts: the first examines Ezekiel's life and character, the second focuses on his teachings about the fall and restoration of Israel, and the third critiques his persona and theological contributions. The author aims to provide a deeper understanding of Ezekiel as a theologian and the impact of his ideas on the Israelite nation.","[""Ezekiel lived during a critical period in Israel's history, which required a strong leader to address the challenges faced by the nation."", ""His teachings are systematically organized, focusing on the themes of Israel's sin, the consequences of that sin, and the promise of restoration."", ""The book emphasizes the need for a comprehensive study of Ezekiel's ideas to appreciate their significance for both his time and the future.""]","['Ezekiel', 'The Israelite nation', ""God (as represented in Ezekiel's teachings and prophecies)""]"
" The book is a reflective narrative by Milan Mitrovský, recounting his early life in Turčiansky Sv. Martin and his journey as an artist. He describes his childhood, family background, and significant influences on his artistic development. He recalls his education in various schools, his experiences in Prague, Munich, and Florence, and his interactions with notable figures in the Czech artistic community. The narrative illustrates his passion for art and literature, emphasizing the importance of expressing one's thoughts and feelings through different mediums. Ultimately, Mitrovský reflects on his life, the impact of historical events, and his desire to contribute meaningfully to art and literature.","['Mitrovský was born in Turčiansky Sv. Martin and had a diverse family background, with a Czech father and a mother of noble descent.', 'He faced challenges during his education, including resistance to his original name and the harsh realities of art schools, which shaped his artistic perspective.', 'The narrative covers his experiences in key European cities, emphasizing the influence of various mentors and artists on his development, culminating in his return to his hometown after the war.']","['Milan Mitrovský (the narrator)', 'Ján Francisci (a significant family friend and influence)', 'Jaroslav Věšin (an important mentor who advised Mitrovský on his artistic journey)']"
" The story is set in the Liptov region of Slovakia in the year 1217, where two men, a monk and a young knight, are engaged in a deep conversation while traveling. The monk, an elder with a strong sense of religious duty, discusses the importance of their mission to rally support for a crusade to the Holy Land, emphasizing the devotion of the local people. The young knight, skeptical at first, gradually understands the significance of their journey, which aims to unite the powerful leaders of the region to aid in the crusade. The narrative explores themes of faith, duty, and the complexities of leadership and allegiance during a time of turmoil.","['The story takes place in the Liptov region of Slovakia in the year 1217, amidst a backdrop of historical and religious significance.', 'The monk believes in the strong faith and devotion of the local people, asserting that they are more committed to the cause of Christianity than those in more developed regions.', 'The purpose of the journey is to secure the support of the powerful Liptov noble, Veľmožín, for a crusade to the Holy Land, which is critical for the stability and success of the region.']","['The Monk - An elder, wise figure dedicated to his faith and the mission of the crusade.', 'The Young Knight (Comtur) - A young, armored man who initially questions the purpose of their journey but gradually comes to understand its significance.', 'King Andrew - Mentioned as a key figure in the context of the crusade and the political situation in Hungary.']"
" The book explores the idea that life encompasses more than just material needs such as bread, money, and profit. It emphasizes the importance of beauty, joy, gratitude towards ancestors, and respect for antiques, suggesting that these values enrich human existence and connect us to our heritage.","['The book advocates for a holistic view of life that includes non-materialistic values.', 'It highlights the significance of cultural heritage and appreciation for the past.', ""The text serves as a travelogue, reflecting on experiences that deepen one's understanding of beauty and joy in life.""]","['The Narrator (the voice of the travelogue)', 'Ancestors (symbolic representation of heritage)', 'Cultural Artifacts (as representations of history and beauty)']"
,[],[]
" The story follows a peasant named Petrovič who inherits a beautiful estate from his father but struggles with the responsibilities that come with it. He faces pressure to support his sisters financially, which leads him to borrow money from a local Jewish moneylender, Áron. This decision spirals into a series of conflicts with his family, legal troubles, and ultimately, his descent into alcoholism. As he loses control over his life and property, he reflects on his past choices and the consequences they have had on his family. After a moment of crisis, he turns to faith and seeks redemption, which leads him to overcome his addiction and begin rebuilding his life. With the support of his family and newfound faith, he manages to restore his estate and raise his children with strong values.","['Petrovič inherits a prosperous estate but faces familial and financial pressures that lead him to borrow money from a moneylender, causing a downward spiral into debt and alcoholism.', 'His conflicts with his sisters and their husbands lead to legal disputes and familial strife, resulting in a loss of relationships and his sense of self-worth.', 'After hitting rock bottom, Petrovič seeks redemption through faith, which helps him overcome his addiction and start rebuilding his life and family.']","['Petrovič - The protagonist, a peasant who struggles with the responsibilities of his inheritance and succumbs to alcoholism.', 'Áron - The local Jewish moneylender who lends money to Petrovič and becomes a pivotal figure in his downward spiral.', ""Jurko - Petrovič's brother-in-law, whose relationship with Petrovič deteriorates due to familial conflicts over land and finances.""]"
" The poem reflects a deep emotional connection between two poets, who sing of love, hope, and the struggles of their nation. Through their verses, they express a longing for freedom and a better future while acknowledging the pain and burdens that accompany their artistic endeavors. The imagery of nature, such as the dawn and stars, serves as a backdrop for their poignant reflections on life and creativity. The poem concludes with a sense of resignation but also a commitment to continue expressing their truths through poetry.","['The poem highlights the emotional bond between the two poets as they share their experiences and aspirations.', 'It addresses themes of national identity, hope, and the struggles faced by the nation, likening it to Cinderella (""Popoluši"").', ""The poem symbolizes the passage of time and the evolution of their artistic expression amidst life's challenges.""]","['The Poet (narrator) - Represents the voice reflecting on their experiences and struggles.', 'Poet-gazda - The second poet who stands as a counterpart, symbolizing creativity and hope.', 'Múza (Muse) - Represents inspiration and the fleeting nature of artistic expression.']"
" The text is a critique of the educational system and the changing dynamics between teachers and students. It reflects on the nostalgia of older generations, particularly the speaker's grandmother, who laments the perceived decline in the quality of education and the behavior of children. The narrative contrasts the rigorous and disciplined teaching methods of the past with the more lenient and ineffective practices of contemporary teachers. The story also highlights the tension between a teacher, Mr. Chabadza, and the local authority, represented by the mayor's wife, who believes he is too lenient with the students, leading to chaotic classroom behavior.","[""The speaker's grandmother expresses frustration over the decline of educational standards and the behavior of modern children compared to the past."", ""There is a conflict between the teacher, Mr. Chabadza, and the mayor's wife regarding the discipline and teaching methods used in the classroom."", 'The narrative illustrates the generational differences in attitudes toward education, highlighting nostalgia for a more structured and demanding educational environment.']","['Mr. Chabadza - the teacher who struggles with maintaining discipline in his classroom.', ""The mayor's wife (pani rychtárka Mudrajka) - an authority figure who criticizes the teacher's methods and defends her son."", ""The speaker's grandmother - a nostalgic figure who reflects on past educational practices and the changes in children's behavior.""]"
" The story revolves around Ujček Škutina, a wealthy farmer who is distressed over the death of a communal pig that he was responsible for. Through a conversation with a younger relative, it becomes clear that Ujček is worried about the implications of the pig's death and the financial loss he faces. Despite his claims of having insurance for the pig, he appears to be overwhelmed by the situation, reflecting on his past hardships and the responsibilities he has carried throughout his life. The narrative delves into themes of responsibility, loss, and the generational divide in understanding and handling such burdens.","['Ujček Škutina is a wealthy farmer who has faced many hardships, including the death of a communal pig he was responsible for.', 'Ujček is worried about potential financial repercussions from the death of the pig and claims to have insurance for it.', 'The story highlights the generational differences in attitudes toward responsibility and care for livestock.']","['Ujček Škutina - the distressed farmer and main character.', ""The narrator (unnamed relative) - a younger family member who listens to Ujček's concerns."", ""Ujček's deceased wives - mentioned as part of Ujček's past hardships, though not active characters in the narrative.""]"
,[],[]
" ""Múdra holubička"" is a poetic reflection on the themes of fear, protection, and faith. The narrative begins with a scholar observing a beautiful white dove, which becomes anxious as it spots a threatening eagle above. In a moment of desperation, the dove finds refuge in a rocky crevice, symbolizing the safety found in faith and trust in God. The dove's actions serve as a metaphor for the human soul seeking shelter in Christ during times of distress, emphasizing the message of divine protection and comfort for those burdened by life's challenges.","['The dove represents the human soul facing fear and anxiety, while the eagle symbolizes threats or adversities.', 'The rocky crevice signifies Christ as a source of refuge and safety for those in distress.', 'The poem conveys a message of faith, encouraging individuals to seek solace in God during troubling times.']","['The Scholar (Učenec)', 'The Dove (Holubička)', 'The Eagle (Skalný orol)']"
" The text appears to be an excerpt from a literary work, where the narrator reflects on the challenge of translating human temperaments into a more relatable language. The narrator struggles with finding appropriate Slovak terms for the four temperaments—sanguine, phlegmatic, choleric, and melancholic—while expressing frustration at his inability to do so in a scientifically satisfying manner. He calls for his servant, Juliška, to bring him water, and through their interaction, he realizes she has a natural understanding of the term ""sanguine"" as ""ako z iskry,"" which brings him joy and a sense of discovery.","['The narrator is attempting to translate human temperaments into Slovak terms, showing a struggle between scientific language and colloquial expressions.', 'Juliška, the servant, demonstrates an intuitive grasp of language that surprises the narrator, highlighting themes of knowledge and understanding.', ""The narrator's reflections are rooted in his student days, suggesting a nostalgic tone and exploration of personal growth and learning.""]","['The Narrator - an introspective character grappling with language and understanding.', 'Juliška - the servant who embodies natural wisdom and understanding of language.', ""Rarášťok Smejku - mentioned as a friend of the narrator, contributing to the authenticity of the narrator's reflections.""]"
" The narrative unfolds in a rural setting where a young boy observes the daily life of his family as they engage in the harvest of hemp and flax. The boy experiences a mix of admiration and embarrassment as his mother works diligently, while he yearns to grow up and be a man. The arrival of a carriage and the mention of a local nobleman, Martin Hudis, who has a complicated background as an orphan taken in by a local schoolmaster, sparks curiosity in the boy. The story explores themes of social status, the aspirations of youth, and the dynamics of village life as the boy reflects on his desires and the realities of his environment.","['The protagonist grapples with his desire to transition from childhood to adulthood while feeling embarrassed about helping his mother with labor.', 'Martin Hudis, a central figure, is presented as a nobleman with a mysterious past, having been raised by a local schoolmaster after losing his mother.', 'The narrative highlights the social dynamics of the village, including the aspirations and struggles of its inhabitants, particularly in relation to class and status.']","['The unnamed boy (protagonist)', 'Martin Hudis (the nobleman)', ""The boy's mother (his guiding figure)""]"
" The text discusses the contrasting experiences of traveling on luxurious international express trains versus local trains. It highlights the poetic allure of the express trains, which symbolize speed and adventure, but also the mundane reality of long hours spent in discomfort and boredom. The narrator reflects on the excitement of travel, the exotic places one can imagine visiting, and the absurdity of the long waits and the impersonal nature of the express journey. The narrative humorously recounts a train collision and the challenges of navigating a sleeping car, encapsulating the joys and frustrations of rail travel.","['The international express trains symbolize both adventure and the tedium of long-distance travel.', 'The experience of traveling in a pullman car is described as both luxurious and monotonous, emphasizing the disconnect between the romanticized view of travel and the actual experience.', 'A train collision occurs during the journey, but the narrator takes a rather humorous and detached view of the incident.']","['The Narrator (unnamed)', 'Passengers (general references to various unnamed passengers)', 'The Train Conductor (implied character during the train collision)']"
" The story revolves around Hanka and her aunt Korduľa, who live in a remote mountain village. Korduľa is known as a healer, feared and respected by the locals for her knowledge of herbal remedies and her solitary nature. One day, while Korduľa goes out to help those in need, Hanka stays behind to manage the household. The narrative captures the interaction between the villagers and Korduľa, highlighting the blend of fear and reliance they have on her abilities. As winter sets in, the challenges of rural life become apparent, and Korduľa's role as a healer becomes increasingly significant as she assists those suffering from ailments.","['Korduľa is a renowned healer in her village, feared for her solitary nature and respected for her medicinal knowledge.', 'The story explores themes of isolation, community reliance, and the contrast between fear and respect in relationships.', ""Hanka, Korduľa's niece, is depicted as a supportive character who manages the household while Korduľa helps the villagers.""]","['Korduľa - the elderly healer known for her knowledge of herbal remedies.', ""Hanka - Korduľa's niece, who helps run the household and cares for the farm."", ""Fojtík - a young man who becomes a patient in need of Korduľa's healing skills.""]"
,[],[]
" The story revolves around Hanička Kovalovie, a young girl from a Slovak village who aspires to become a nun, inspired by her experiences during a pilgrimage. After spending time in a convent, she returns home due to illness, facing her father's disappointment and the harsh realities of life. Despite her health deteriorating, she continues to sew and earn a living, reflecting on her dreams and the sacrifices she has made. The narrative contrasts the beauty of nature in May with Hanička's plight, symbolizing the fragility of life and the struggle between aspirations and harsh realities.","['Hanička Kovalovie dreams of becoming a nun after being inspired during a pilgrimage to Trnava.', 'After spending eleven months in a convent, she returns home due to illness, facing familial disappointment and societal pressures.', ""The story highlights the contrast between the flourishing nature of spring and Hanička's declining health, symbolizing the fragility of life.""]","['Hanička Kovalovie - the protagonist who aspires to be a nun.', ""Hanička's Father - a disapproving figure who is frustrated by her return and illness."", ""Hanička's Mother - a supportive yet sorrowful character who empathizes with her daughter's struggles.""]"
" The story follows the Kreško family, who have two sons and a daughter, and later, a fourth child, Miško. Miško, a bright but fragile boy, grows up in a loving household where he is cared for by his parents and siblings. His intelligence leads him to pursue an education, eventually becoming a doctor. However, as he studies in the city, he becomes estranged from his family due to financial burdens and rumors about his lifestyle. The family struggles to support his education, leading to tension and misunderstandings. Ultimately, Miško reflects on his family's love and sacrifices, deciding to return home to repair his health and mend the fractured relationships.","['Miško is the youngest child in the Kreško family and is exceptionally bright, leading him to pursue a higher education.', ""The family faces significant financial strain due to Miško's education, resulting in tension and misunderstandings among family members."", 'Despite his academic success, Miško becomes estranged from his family, prompting him to reflect on their sacrifices and ultimately return home.']","['Miško Kreško - The youngest son, intelligent and ambitious, who aspires to become a doctor.', ""Old Kreško - Miško's father, who is loving but struggles to understand his son's choices and the family's financial burdens."", ""Kreškova - Miško's mother, who cares deeply for her family and tries to maintain harmony amidst the growing tensions.""]"
" The text is a letter written in 1857, discussing the fears and beliefs surrounding the supposed ""end of the world"" predicted for June 13, 1857. The author reflects on historical prophecies of doom, highlighting how people throughout history have reacted to such predictions with panic and preparation for disaster. The letter combines humor with serious commentary on the human tendency to fear the unknown and to prepare for catastrophic events, often based on unfounded beliefs. The author addresses a friend, providing a mix of personal anecdotes and cultural observations about the fear of impending doom.","['The letter discusses the historical context of apocalyptic prophecies, noting that fears of the end of the world have recurred every few decades.', ""The author humorously recounts various historical predictions of the world's end, emphasizing the absurdity of some preparations people made in response to these fears."", 'The text reflects on the irrationality of human behavior in the face of fear, suggesting that many people react to such prophecies with panic rather than reason.']","['The author of the letter (D. Lichard)', 'The friend to whom the letter is addressed (unnamed)', 'Historical figures mentioned (e.g., Jan Stöffler and Mistr Stiefl) as examples of past prophets.']"
" The text appears to be a poetic reflection on national identity and pride, celebrating a young figure representing the nation as he rises to embrace his heritage and the collective spirit of his people. The imagery of eagles soaring and the call for unity among nations underscores the themes of freedom and hope for the future. It emphasizes the importance of honoring one's roots and the strength found in national solidarity, suggesting that the younger generation will carry forward the legacy of their forebears.","[""The poem highlights the significance of national identity and the connection to one's ancestry."", 'It uses the metaphor of eagles to symbolize freedom and the aspiration of the nation.', 'The work is connected to historical context, referencing the seven sacred places in Turiec, which are tied to local identity.']","['The young figure symbolizing the nation.', 'The mother figure representing the homeland (Otčina).', 'The ancestors, referred to as ""Otcovia slávni,"" who guide and inspire the younger generation.']"
" The book is a historical diary documenting the events of the Slovak national movement and the struggle for Slovak independence during the turbulent period of the Hungarian Revolution of 1848-1849. The author recounts significant events, including military campaigns against Hungarian forces, the formation of a national army, and the experiences of Slovak patriots who fought for their nation's rights. The diary reflects the emotional turmoil, hopes, and challenges faced by the author and his compatriots as they navigate the complexities of national identity, loyalty, and the fight for freedom.","['The diary captures the pivotal moment in September 1848 when Slovaks first organized militarily against Hungarian oppression after nearly 900 years.', 'The author details various military encounters and the formation of a Slovak national army, highlighting the struggles and victories of the Slovak forces.', 'The narrative also addresses the internal conflicts within the Slovak movement, including issues of leadership, loyalty, and the challenges posed by external forces such as the Austrian Empire.']","['Ľudevít Štúr - A prominent Slovak leader and intellectual who played a crucial role in the national movement.', 'Janko Kráľ - A fellow patriot and soldier involved in the Slovak fight for independence.', 'Bedrich - A military leader who helped organize and lead the Slovak forces during the conflicts.']"
" The text introduces the enchanting Korytnica water, which captivates the narrator's senses and transports him to various life situations. He feels compelled to celebrate and share the magic of Korytnica water with the world. The narrator hints at the skepticism of some readers from surrounding areas who wonder about this newfound marvel. He promises to be concise in his writing, intending to provide small insights about Korytnica without overwhelming his audience. The passage captures the essence of curiosity and the desire to explore and appreciate the unique qualities of the Korytnica spring.","[""The Korytnica water has a magical quality that profoundly affects the narrator's senses."", 'The narrator aims to celebrate and promote the Korytnica water, despite skepticism from some readers.', 'The writing style will be concise to avoid overwhelming the audience, contrasting with other lengthy articles.']","['The Narrator', 'A skeptical reader from Šelpiče', 'A curious reader from Nitra']"
" The story revolves around Toman, a man who joins the communist party despite his personal misgivings, driven by desperation and the need to provide for his family during hard times. Toman's life is marked by struggle, having survived the war and facing poverty with his wife and six children. As he navigates the bureaucratic system to secure support for his family, he encounters Sas, a corrupt official who manipulates his position for personal gain while fostering division and nationalistic sentiments against Slovaks. The narrative explores themes of survival, betrayal, and the complexities of human nature in a time of political upheaval.","['Toman is a war survivor who struggles with poverty while trying to care for his wife and six children.', 'Sas, a corrupt official, uses his power to manipulate public sentiment and further his own interests while undermining the state.', 'The story reflects the social and political tensions of the time, particularly the struggles between different national identities.']","['Toman - The protagonist, a father and war survivor struggling to provide for his family.', 'Sas - The antagonist, a corrupt bureaucrat who exploits his position for personal advantage.', ""Doctor Starín - A skeptical doctor who doubts Sas's loyalties and integrity.""]"
" ""Piesne vojenské"" is a collection of military songs that reflect the emotions and experiences of soldiers preparing for and engaging in battle. The poems highlight themes of love, sacrifice, and the harsh realities of war. The narrator expresses a deep sense of duty to fight for their homeland, despite the potential for death and loss. The songs depict both the longing for loved ones left behind and the grim fate that may await soldiers on the battlefield.","['The poems convey a strong sense of patriotism and the desire to fight for freedom.', 'The imagery used throughout the poems illustrates the emotional struggles of soldiers and their families.', 'The collection includes various songs that represent different aspects of military life, including preparation for battle and the aftermath of conflict.']","['Janík - The main soldier preparing for battle, representing courage and commitment.', 'The beloved - A figure who embodies the emotional ties and concerns of those left behind.', ""The mother - A character who expresses worry about her son's fate in the war, symbolizing familial love and concern.""]"
" ""Povesť bez konca"" is a poetic narrative that follows a young man who embarks on a mystical journey in search of a beautiful maiden known as the Golden Maiden. The tale begins with the protagonist feeling lost and confused, unsure of his origins. He is drawn to a magical apple that leads him to a mysterious castle where an elderly monk resides. The monk hints at the existence of the Golden Maiden and the protagonist's quest to find her. As he traverses various enchanting landscapes and faces numerous challenges, he is driven by the hope of meeting her once again. The story culminates in a realization that the journey towards love and destiny is ongoing, symbolizing that certain tales never truly end.","['The protagonist is searching for the Golden Maiden, who represents an ideal of beauty and love.', ""The narrative includes elements of magic and mysticism, such as the enchanted apple and the monk's wisdom."", 'The story concludes with the idea that some tales, like the pursuit of love, are endless and cyclical.']","['The Young Man (protagonist)', 'The Golden Maiden', 'The Elderly Monk']"
" ""Vlastný životopis"" is an autobiographical account that narrates the life of Ján Kalinčiak, detailing his upbringing in a humble, religious family in Slovakia during the early 19th century. Born in 1822, Kalinčiak reflects on his education, the influence of his parents, and the socio-political context of Slovakia at the time. He describes his formative years filled with struggles, learning, and the development of his national consciousness. The narrative highlights his experiences in various schools, his encounters with influential teachers, and his gradual involvement in the Slovak national movement, culminating in his role as a professor and writer committed to his heritage and the promotion of Slovak culture.","['Ján Kalinčiak was born on August 10, 1822, in Horné Záturčie, Slovakia, into a family of modest means, with his father serving as a Protestant minister.', 'Throughout his education, Kalinčiak was shaped by various influential teachers and developed a strong sense of national identity and pride in Slovak culture.', 'He became actively involved in the Slovak national movement, contributing to education and literature, and promoting Slovak heritage through his writings and teaching.']","['Ján Kalinčiak - The author and main character, whose life and experiences are chronicled in the autobiography.', ""Ján Kalinčiak's father - A Protestant minister who greatly influenced Kalinčiak's early beliefs and values."", 'Ľudovít Štúr - A prominent figure in the Slovak national movement and a mentor to Kalinčiak, shaping his views on national identity and education.']"
" The story revolves around Drkota, a timid and disheveled notary, who is in a precarious financial situation due to his mismanagement of funds belonging to his late sister's estate. His wife, Gabriša, is a domineering figure who demands money for her extravagant lifestyle, while their daughter Anna is caught in the middle, embodying innocence and simplicity. The narrative unfolds as Drkota grapples with the consequences of his actions, including the impending confrontation with Dr. Horniak, who is pressing for the return of the funds owed to his sister. Amidst this turmoil, the characters' relationships and ambitions intertwine, revealing themes of greed, social status, and familial loyalty.","[""Drkota is facing financial ruin due to his mismanagement of his late sister's estate, leading to conflicts with his wife and Dr. Horniak."", ""Gabriša, Drkota's wife, is portrayed as domineering and demanding, pressuring Drkota for money while showing little regard for their financial troubles."", ""Anna, their daughter, is a symbol of innocence and simplicity, often at odds with her parents' expectations and the societal pressures surrounding them.""]","['Drkota (also known as Drkotay Ödön) - the notary struggling with financial issues and personal cowardice.', ""Gabriša - Drkota's assertive and demanding wife, who prioritizes social status and material wealth."", ""Anna - Drkota and Gabriša's daughter, who is kind-hearted and caught between her parents' conflicting desires.""]"
,[],[]
" The story begins in Kentucky, where Mr. Shelby is in a serious discussion with Mr. Haley, a slave trader. Shelby is in debt and is reluctantly considering selling his reliable and honest slave, Tom, to Haley. Haley, who displays a crude demeanor, insists on the value of slaves, especially those who are pious, as they can fetch higher prices. The conversation reveals Shelby's internal struggle as he contemplates the morality of selling Tom and separating him from his family. Meanwhile, Eliza, Tom's wife, overhears part of the conversation and fears for her son, Harry, whom she believes might be sold. This chapter sets the stage for the complexities and moral dilemmas surrounding slavery.","['Mr. Shelby is in debt and is being pressured to sell his slave, Tom, to Mr. Haley.', 'Eliza is deeply concerned about the potential sale of her son, Harry, after overhearing a conversation about it.', 'The story highlights the moral conflicts faced by slave owners, particularly Mr. Shelby, who struggles between his financial obligations and his humane feelings towards his slaves.']","['Mr. Shelby - The owner of Tom and a man in financial distress.', 'Mr. Haley - The crude slave trader interested in purchasing Tom and possibly Harry.', ""Eliza - Tom's wife, who is worried about the fate of her son, Harry.""]"
" The text is a poem reflecting on themes of longing, nostalgia, and the connection to one's roots. It expresses a deep sense of sorrow and yearning for music and the past, invoking the spirits of nature and the mountains. The speaker calls upon friends Jozef, Ondrej, and Samo to play their instruments, symbolizing a desire to revive joy and community despite their poverty and hardships. The poem captures the essence of camaraderie and resilience in facing life's challenges.","['The poem reflects themes of nostalgia, longing, and the connection to cultural roots.', 'It evokes a sense of sorrow and a desire for music as a means of connection and joy.', 'The characters mentioned in the poem are symbolic representations of real historical figures in Slovak literature.']","['Jozef (Jozef Hurban)', 'Ondrej (Ondrej Sládkovič)', 'Samo (Samo Chalupka)']"
" ""Dva orly (Praktiká tohto života)"" is a lengthy lyrical poem by J. K. that reflects on the journey of youth, contrasting the idealism of young men with the harsh realities of life. The first part depicts a group of young men eagerly preparing to enter life, driven by dreams of freedom and success. However, one young man, Janík, resists the allure of wealth and fame, opting instead for a more introspective path. The second part of the poem shifts to a darker, more pessimistic tone, reflecting on the loss of ideals and the disillusionment that comes with maturity. The poem serves as a critique of society and a self-analysis of the poet’s generation, ultimately leading to themes of nihilism and moral skepticism.","['The poem is divided into two parts: the first focusing on youthful idealism and the second on the disillusionment of adulthood.', 'Janík, one of the main characters, symbolizes the struggle against societal pressures and the pursuit of a more meaningful existence.', 'The poem critiques the societal norms that crush individual aspirations and highlights the internal conflict between hope and despair.']","['Janík - The introspective young man who resists the temptations of wealth and fame.', 'The group of young men - Representing youthful enthusiasm and idealism.', 'The seven old men - Symbolizing wisdom and the sobering realities of life, providing a somber contrast to the youthful exuberance.']"
" ""Krakoviaky"" is a lyrical poem that explores themes of love and longing through a dialogue between two lovers. The speaker expresses uncertainty about the sincerity of their partner's feelings, using vivid imagery of nature, such as doves and stars, to symbolize love and connection. The poem delves into the quest for reassurance and clarity in love, with the speaker seeking answers from both the divine and their partner's heart.","['The poem uses natural imagery, such as doves and stars, to convey emotions related to love and longing.', 'It reflects a dialogue between lovers, emphasizing the importance of trust and reassurance in a romantic relationship.', 'The poem highlights the tension between uncertainty and the desire for clarity in love.']","['The Speaker (the lover expressing doubts)', 'The Beloved (the partner whose feelings are in question)', 'The personified elements of nature (such as the sun and stars, which serve as symbols of guidance and truth)']"
" The poem ""Ctibor"" or ""Divý lovec"" (The Wild Hunter) by Ján Botto is a narrative about a nobleman who is obsessed with hunting, disregarding religious observances and the pleas of the people suffering from the consequences of his actions. As he hunts relentlessly, he dismisses the warnings of mortality, represented by a ghost that tells him he cannot cross a boundary. The poem culminates in his tragic fate, where he is lost and hunted by his own dogs after he disregards the signs of danger and death. The overarching theme highlights the consequences of pride and the relentless pursuit of earthly desires.","[""The poem explores themes of mortality, pride, and the consequences of one's actions, particularly in the context of hunting and disregard for spiritual matters."", ""The nobleman's obsession with hunting leads to his tragic end, symbolizing the idea that ignoring moral and spiritual warnings can result in dire consequences."", 'The narrative is inspired by Gottfried August Bürger\'s ballad ""Der wilde Jäger,"" reflecting on similar motifs of the wild hunt and the supernatural.']","['The Nobleman (Ctibor) - the protagonist obsessed with hunting.', 'The Ghost - a supernatural figure warning the nobleman about the boundary he cannot cross.', ""The Dogs - representing the nobleman's loyal companions that ultimately turn against him.""]"
" The story begins with a chilling May evening where a man overhears a heartbreaking conversation between a couple, Janko and a distressed girl. The girl is filled with sorrow as she confronts Janko about his infidelity, leading to her emotional breakdown. After a dramatic confrontation, she collapses, and despite efforts to revive her, she falls seriously ill and eventually dies after several days of fever. The narrative then shifts to a later time, where the man learns of Janko's wedding, only to witness Janko being struck dead by lightning as a fulfillment of the girl's desperate plea for divine retribution. The tale underscores themes of betrayal, love, and the consequences of one's actions.","['The story revolves around themes of infidelity and emotional turmoil, highlighting the impact of betrayal on relationships.', 'The girl suffers a severe emotional breakdown after confronting Janko about his unfaithfulness, leading to her eventual illness and death.', ""Janko's death by lightning serves as a symbolic punishment for his betrayal, illustrating the concept of divine justice.""]","[""Janko - The unfaithful male character who betrays the girl's trust."", 'The Girl - The heartbroken female character who confronts Janko about his infidelity.', 'The Narrator - A bystander who observes the events and reflects on the tragic outcomes.']"
" ""Pieseň vysťahovalca"" is a poignant poem that expresses the feelings of a migrant who longs for home while grappling with the uncertainties of leaving his homeland. The speaker reflects on his roots in the mountains and compares his situation to that of a small bird, which, despite the harshness of winter, looks forward to returning home in spring. The poem captures the deep emotional struggle of leaving behind familiar places and the hope of returning, while acknowledging the unpredictability of life and fate.","['The speaker expresses a strong connection to his homeland, symbolized by the mountains.', 'The poem uses the metaphor of a bird to illustrate the desire for freedom and the hope of returning home.', 'It highlights the uncertainty and challenges faced by migrants, questioning whether they will ever return to their roots.']","['The Speaker (the migrant)', 'The Bird (symbolic character representing hope and freedom)', 'God (as a figure of fate and destiny)']"
" The text is a poetic tribute to the marriage of Emperor Franz Joseph I and Princess Elisabeth of Bavaria, celebrated on April 24, 1854. It describes a vivid scene filled with nostalgia and joy, as the narrator recalls past military exploits and the emotions surrounding the royal wedding. The imagery of the celebration includes sounds of cannons, the beauty of the bride, and the camaraderie of soldiers. The narrator, a one-legged veteran, reflects on his memories and expresses well-wishes for the couple's happiness, while also hinting at his own longing and connection to the past.","['The poem commemorates the wedding of Emperor Franz Joseph I and Princess Elisabeth of Bavaria on April 24, 1854.', 'The narrator is a one-legged veteran who reminisces about his military past and the joy of the royal celebration.', 'The text captures the spirit of camaraderie and nostalgia, highlighting the emotional significance of the wedding for both the narrator and the broader community.']","['Emperor Franz Joseph I', 'Princess Elisabeth of Bavaria (Sisi)', 'The one-legged veteran narrator (Martinko)']"
" ""Moc pověry"" is a six-part drama adapted from Jacobsen's novella ""Dva světy."" The story revolves around themes of superstition and the clash between traditional beliefs and modern medicine. It features a sick woman who seeks help from a herbalist, while navigating her relationships with her fiancé, a doctor, and other characters that illustrate the tension between faith in old customs and the advancements of contemporary science.","['The drama is structured into six distinct parts.', 'It explores the conflict between superstition and modern medicine.', 'The narrative is adapted from a novella by Jacobsen, highlighting the cultural dynamics of belief systems.']","['Nemocná žena (Sick Woman)', 'Baba kořenářka (Herbalist)', 'Lékař (Doctor)']"
" The text reflects on the significance of the nativity scene (Betlém) as a symbol of modesty and beauty in smallness. It contrasts the charm of a small, humble Betlém with the ambition to create grand, monumental structures that often lead to confusion rather than clarity. The author argues that while the nation may feel small and underappreciated, there is profound beauty and poetry in embracing this smallness. The piece advocates for a focus on nurturing people and communities rather than striving for grandeur, suggesting that true richness lies in simplicity and authenticity.","['The nativity scene (Betlém) symbolizes the beauty of smallness and modesty, contrasting with the desire for grandiosity.', 'The author emphasizes that true progress and future success should focus on nurturing individuals and communities rather than building monumental structures.', 'The text critiques the tendency to overlook the poetic value of smallness in favor of seeking larger, more impressive representations in society.']","['The Narrator (reflective voice throughout the text)', 'The Three Kings (symbolic figures representing ambition)', 'The Shepherds (representing simplicity and humility)']"
,[],[]
" ""Smútok"" is a poignant lament that expresses deep sorrow and betrayal felt by the Slovak people. The poem metaphorically portrays the natural landscape, particularly the rivers Váh and Hron, as weeping for their people's suffering. It reflects on the historical sacrifices made by Slovaks for their homeland and conveys a sense of hope for renewal despite the sadness and treachery that overshadow their existence. The imagery of Mother Tatra symbolizes the enduring spirit of the Slovak nation, suggesting that even in despair, there is a longing for brighter days.","['The poem reflects the historical struggles and sacrifices of the Slovak people.', 'It uses natural imagery, particularly the rivers, to symbolize collective sorrow and mourning.', 'The work conveys a message of hope for renewal and resilience despite feelings of betrayal.']","['Mother Tatra (symbolic representation of the Slovak homeland)', 'The rivers Váh and Hron (representing the emotions of the Slovak people)', 'The Slovak people (collective character representing the nation’s spirit and struggles)']"
" The narrative follows a protagonist who reflects on a significant encounter with a man named Ondrej Madluš, known as Drak, who has just returned from a five-year imprisonment. The protagonist grapples with feelings of guilt and shame as he navigates his relationship with his wife, Eva, who had been waiting for Ondrej's return. The tension escalates as the protagonist confronts Ondrej about their shared past and love for Eva, leading to a conflict over their feelings and rights to her. The story unfolds in a rural setting, exploring themes of love, betrayal, and the complexities of human emotions.","['The story is set in a rural environment where the protagonist is a transport worker dealing with his feelings and relationships.', 'The protagonist struggles with feelings of guilt and shame regarding his interactions with Ondrej and his wife, Eva.', 'The narrative explores themes of love, betrayal, and the emotional turmoil that arises from past relationships.']","['The Protagonist (unnamed)', 'Ondrej Madluš (Drak)', ""Eva (the protagonist's wife)""]"
" The narrative revolves around a conversation between a father and his daughter, Sulinka, during lunch. The father inquires about what Sulinka learned in school regarding water birds, particularly the pelican. As Sulinka expresses her indifference towards the pelican's appearance and shares the scientific facts she learned, the father introduces a deeper, more symbolic interpretation of the pelican as a representation of self-sacrifice and beauty. He contrasts the stark reality of nature with the poetic beauty of the pelican's myth, emphasizing the importance of appreciating beauty and deeper meanings in life over mere facts.","['The pelican is symbolically associated with self-sacrifice and beauty, often used as a metaphor for Christ’s sacrifice in Christian teachings.', 'The father highlights the difference between scientific observations and the emotional, symbolic understanding of life, suggesting that beauty is more valuable than stark reality.', ""The story illustrates the father-daughter relationship, emphasizing the father's role in imparting wisdom and values beyond academic learning.""]","['Father', 'Sulinka (the daughter)', ""The teacher (implied, as a reference point for the daughter's education)""]"
" The story revolves around Andrej Andrejevič, the director of the ""Bank of Mutual Credit,"" and his interactions with his wife Tatiana Alexejjevna and Kuzma Nikolajevich Chirin, the elderly accountant. The narrative unfolds within the confines of the bank, highlighting the dynamics among the bank's staff and participants, showcasing themes of ambition, relationships, and the complexities of financial institutions.","['The setting of the story is primarily within the ""Bank of Mutual Credit,"" emphasizing the interactions and relationships among its employees.', ""Andrej Andrejevič is characterized by his role as the bank's director, suggesting themes of authority and leadership."", 'The characters represent various stages of life and roles in the banking system, reflecting on the societal and personal implications of their professions.']","['Andrej Andrejevič - Director of the ""Bank of Mutual Credit""', ""Tatiana Alexejjevna - Andrej's 25-year-old wife"", 'Kuzma Nikolajevich Chirin - Elderly accountant of the bank']"
" The text discusses the cultural characteristics of the Slavic people, emphasizing their artistic talents, particularly in singing and music, which contribute to their ability to adapt and thrive in new environments. It highlights their inclination towards peaceful living and the importance of arts and crafts in their society, alongside their agricultural practices.","['The Slavic immigrants possess a strong talent for singing and music, which aids in their integration into new communities.', 'Their cultural identity is characterized by a lively appreciation for the arts and a peaceful way of life.', 'In addition to agriculture, Slavs engage in various crafts and trades, showcasing their versatility and skill in different areas of work.']","['K. Ch. F. v. Lutzow - A commentator on the qualities of the Slavic people.', 'Matthias Belius - A figure who praises the Slavic nation for their work ethic and cultural contributions.', '(No specific third character is mentioned in the provided text.)']"
,[],[]
,[],[]
,[],[]
" The text reflects on the collective memories and experiences of Slovak youth who shared a strong bond of brotherhood and patriotism during their formative years by the Danube River. It discusses the challenges faced by the Slovak nation, particularly during the turbulent times of the 1848 uprising, and emphasizes the resilience and bravery of its leaders and soldiers. The author expresses a desire to document these events for future generations, acknowledging the imperfections in his historical account while urging compatriots to unite for the common good. He highlights the importance of a distinct Slovak identity and literary tradition, advocating for a collective effort to strengthen the nation amidst external pressures and internal discord.","[""The narrative centers around the Slovak youth's experiences and the concept of national brotherhood during the 1848 uprising."", 'The author emphasizes the resilience and bravery of Slovak leaders and soldiers who navigated the challenges posed by external forces.', 'There is a call for unity among Slovaks to foster a strong national identity and literary tradition, despite historical divisions.']","['The Narrator (the author, representing the collective voice of Slovak youth)', 'Slovak Leaders (symbolic of the brave leaders during the 1848 uprising)', 'Slovak Soldiers (representing the courageous participants in the national struggle)']"
" The book recounts the author's experiences and observations during his interactions with Milan Rastislav Štefánik, a key figure in the Czechoslovak national movement during World War I. The author describes their initial meeting in Kijev in September 1916 and the complexities of the political landscape in which they operated, including the dynamics within the Czechoslovak National Council and its relations with Russian authorities. Štefánik's efforts to unite Czechoslovak forces abroad and his strategic vision for their independence are highlighted, along with the challenges posed by rival factions and the need for cooperation among Czechoslovak leaders.","['The author met Štefánik in Kijev while working to inform members of the Czechoslovak National Council about the involvement of Czechs and Slovaks in the South Slavic volunteer corps.', 'Štefánik aimed to unify the Czechoslovak revolutionary movement and sought recognition of the Czechoslovak National Council as the leading authority, which faced significant opposition.', ""Štefánik emphasized the importance of maintaining Masaryk's authority and reputation, believing that it should not be compromised by involving him in contentious political struggles.""]","['Milan Rastislav Štefánik', 'Josef Dürich', 'G. Košík']"
" The text discusses the essential relationship between humans and livestock throughout history, emphasizing the importance of proper care and management of animals for their health and productivity. It highlights the necessity of a suitable living environment for livestock, including adequate ventilation, light, and warmth in stables, and stresses the responsibility of caretakers to ensure the well-being of their animals. The author calls for a greater understanding of animal husbandry practices and encourages cooperation between farmers and veterinarians to enhance livestock health and productivity.","['Livestock has historically been a crucial source of sustenance and support for human families.', 'Proper living conditions, including clean stables with adequate light, warmth, and ventilation, are vital for the health of livestock.', 'The text advocates for better collaboration between farmers and veterinarians to improve animal care and treatment.']","['The Farmer (representing the caretakers of livestock)', 'The Livestock (symbolizing the animals being cared for)', 'The Veterinarian (implied as an important figure in animal health care)']"
" The story revolves around a young tin worker named Ďurko Veselý, who is mistaken for a thief after a robbery occurs in the home of a wealthy man, Mr. Voľný. While waiting for the cook to arrive, Ďurko is accused of stealing 500 gold coins when Mr. Voľný returns home to find his valuables missing. Despite Ďurko's protests of innocence, he is taken to the authorities. His father, Štefan, a seasoned tin worker, learns of his son's predicament and reveals that he has captured the real thief, Honza Poberta, who had stolen the money. After proving Ďurko's innocence, the young tin worker is released, and his bravery earns him a reward.","[""Ďurko Veselý is wrongly accused of stealing 500 gold coins from Mr. Voľný's home."", ""The real thief is revealed to be Honza Poberta, who is caught by Ďurko's father, Štefan."", 'The story emphasizes the themes of innocence, honesty, and the value of virtue.']","['Ďurko Veselý - The young tin worker accused of theft.', 'Mr. Voľný - The wealthy man who is robbed and initially accuses Ďurko.', ""Štefan - Ďurko's father, a seasoned tin worker who proves his son's innocence.""]"
" The text reflects on the challenges and aspirations of the Slovak nation, emphasizing the need for practical skills and education over artistic pursuits in the face of adversity. It critiques the superficiality of contemporary cultural movements and advocates for a collective effort towards national unity and self-improvement. The author calls for the development of skilled professionals to uplift the nation and highlights the importance of embracing a shared Slavic identity as a way to foster hope and progress.","['The text critiques the focus on artistic expression without addressing the practical needs of the Slovak nation, arguing for the cultivation of skills and education.', 'It emphasizes the historical context of oppression and the necessity for a collective national identity and unity among Slavic peoples.', 'The author advocates for the importance of practical contributions to society, such as agriculture and healthcare, over mere artistic endeavors.']","['An unnamed narrator (representing the voice of the Slovak intellectual community)', 'Tido (a character who symbolizes the rekindling of hope and cultural identity)', 'Historical figures referenced (such as Moses and the biblical narrator, representing the weight of tradition and the need for progress)']"
" The story follows an unemployed man who gradually succumbs to a life of vagrancy. Initially, he struggles against his circumstances, clinging to the identity of being merely ""unemployed"" rather than a beggar. However, as time passes, his hope fades, and he starts to embrace the lifestyle of a vagabond, even contemplating theft and crime as means of survival. The narrative explores his internal conflict, the loss of dignity, and the desperation that drives him to commit a violent crime. Ultimately, after committing murder, he grapples with guilt and fear, leading him to throw away the stolen money in a bid to free himself from the burden of his actions and return to a life of patience and hope for redemption.","['The protagonist starts as an unemployed man who refuses to identify as a beggar but slowly loses his will and hope, leading him down a darker path.', 'His desperation pushes him to commit a violent crime, resulting in the murder of a wealthy man from whom he steals money.', 'After the crime, he feels overwhelming guilt and fear, ultimately deciding to dispose of the stolen money in an attempt to absolve himself of his actions.']","['The Unemployed Man (Protagonist)', 'The Wealthy Man (Victim)', 'The Vagrant (A fellow vagabond who influences the protagonist)']"
" ""Zvolenské rozpomienky"" is a historical narrative set in the town of Zvolen, intertwined with the personal recollections of Ďuro Bánik, a local notary. The story unfolds against the backdrop of the town’s rich history, highlighting significant events, such as fires that devastated the community and the impact of wars and plagues. The narrative captures the essence of daily life in Zvolen during the 19th century, featuring gatherings of townsfolk, discussions about local legends, and reflections on the past. Bánik, through conversations with friends and family, recalls the hardships faced by the citizens while also cherishing the memories of their resilience and community spirit.","['The narrative is set in Zvolen, a town with a tumultuous history marked by fires, wars, and plagues that significantly affected its population and development.', ""The protagonist, Ďuro Bánik, serves as a local notary and reflects on the importance of remembering the contributions of everyday people to the town's history."", 'The book weaves together personal stories with historical events, illustrating the lives and struggles of the Zvolen citizens during the 19th century.']","['Ďuro Bánik - The protagonist and narrator, a devoted local notary who reflects on Zvolen’s history.', ""Zuzanna Bánik - Ďuro's wife, who supports him and participates in the discussions about their community."", ""Ferenczy - A former teacher and senator of Zvolen, he engages in conversations about the town's history and its significance.""]"
" The book serves as an insightful exploration of the complexities involved in creating a theatrical play, emphasizing the unpredictable nature of theater as an art form. The author discusses the numerous challenges and obstacles that playwrights, directors, and actors face during the production process. Rather than presenting a polished view of theater, the text reveals the hard work, struggles, and occasional chaos behind the scenes, highlighting that the occurrence of a performance itself is often a miraculous event. The narrative underlines the importance of acknowledging the collective effort of all individuals involved in the production of a play, from actors to crew members.","['Theater is described as an unpredictable art form, where success cannot be guaranteed or foreseen.', 'The creation of a theatrical play involves overcoming countless unexpected challenges and obstacles.', 'Acknowledging the contributions of all individuals involved in a theater production is essential for a deeper understanding of the art.']","['The Playwright', 'The Director', 'The Actor']"
,[],[]
,[],[]
,[],[]
" ""Správy z planéty Mars"" follows Július Kutloch, a highly educated carpenter and authority in the supernatural, who connects Earth with Mars through mediumistic practices. The story unfolds as the narrator, a medium, channels messages from a Martian spirit named Mirituči, revealing the political turmoil on Mars. The narrative describes a revolution led by the red Martians against the ruling black population, resulting in the establishment of a federative republic and the abolition of slavery, changing the social and political landscape of Mars dramatically.","['The story is set in 1917 and involves a mediumistic connection between Earth and Mars, allowing the narrator to receive messages from Martian spirits.', 'A revolution occurs on Mars, leading to the overthrow of the ruling black population and the establishment of a republic with complete equality among all colors.', 'The political changes include the abolition of money, the dissolution of the army, and the implementation of communal child-rearing and state-run welfare systems.']","['Július Kutloch - The educated carpenter and spiritual authority connecting Earth to Mars.', 'Mirituči - A Martian spirit who communicates with the narrator about the events on Mars.', 'Čilijan XXXII - The former king of Mars, who plays a crucial role in the political changes and the revolution.']"
" The story unfolds during a lavish banquet in a beautifully decorated salon in Canton, China, where a group of six friends engages in deep philosophical discussions about life, happiness, and the nature of existence. The host, Kin-Fo, is indifferent to the conversations and reveals that he will soon be engaged, prompting mixed reactions from his friends. The dialogue explores themes of happiness, the necessity of experiencing suffering to appreciate joy, and the complexities of human relationships. Kin-Fo's friends, each with distinct perspectives, debate the merits of marriage and the essence of a fulfilling life, ultimately hinting at the host's inner turmoil and the societal expectations surrounding him.","['The story takes place during a lavish banquet in Canton, China, where philosophical discussions about happiness and life are held among friends.', 'The host, Kin-Fo, is indifferent to the discussions and reveals his upcoming engagement, which prompts reflections on happiness and suffering.', 'The characters represent different viewpoints on life, with themes of existentialism and the necessity of experiencing hardship to truly understand happiness.']","['Kin-Fo - The host, who is wealthy and indifferent, about to get engaged.', 'Vang - A philosopher who believes in the importance of experiencing suffering to appreciate happiness.', 'Pao-Shen - A mandarin who participates in the discussions, representing the perspectives of societal norms and expectations.']"
" ""Hej! len vždy veselo"" is a lively Slovak folk song that celebrates the spirit and vitality of the Slovak people. The lyrics express joy and camaraderie among friends, emphasizing themes of youth, bravery, and the natural beauty of the Slovak landscape. The song captures the essence of Slovak identity, with references to various regions and the strong character of its people, who stand ready to defend their land and culture.","['The song reflects the joyful spirit and camaraderie of the Slovak people.', 'It highlights various Slovak regions and their distinct characteristics.', 'The lyrics convey themes of youth, bravery, and national pride.']","['The Slovak youth (symbolizing the collective spirit of the people)', 'The landscape of Slovakia (symbolized by the Tatra and Kriváň mountains)', 'The ""Chlapci"" (boys), representing friendship and unity among the youth.']"
" ""Predhovor Krutohlavom"" follows the life of a character named Krutohlav, who is known for his strong physique, courageous mind, and thoughtful nature. The narrative explores his origins from Mníšan and highlights his unique qualities, encouraging readers to delve into his biography to understand him better.","['The protagonist, Krutohlav, is characterized by his physical strength and intelligence.', 'He hails from Mníšan, which is significant to his identity and background.', ""The book invites readers to explore Krutohlav's life story for a deeper understanding of his character.""]","['Krutohlav', '(No additional characters provided in the text)', '(No additional characters provided in the text)']"
" ""Epitaf sv. mučeníka M. J. H."" reflects on the life and martyrdom of Jan Hus, a significant figure in the history of Christianity and the Bohemian Reformation. The text poetically describes how Hus illuminated the darkness of ignorance in the Czech lands, challenging the established church and its authorities. Despite being betrayed and ultimately executed for his beliefs, Hus's commitment to true Christian teachings remains a guiding light for his followers, emphasizing the consequences of standing up for one's faith against powerful adversaries.","['Jan Hus was a key figure in the Bohemian Reformation, advocating for true Christian teachings.', 'He was betrayed by the authorities, specifically by the emperor Sigismund, and executed for his beliefs.', ""Hus's martyrdom symbolizes the struggle against religious oppression and serves as an inspiration for future generations.""]","['Jan Hus', 'Emperor Sigismund', 'The Roman Catholic Church (symbolized by its officials)']"
,[],[]
,[],[]
" ""Bájosloví pohanskích Slovákov"" explores the ancient pagan beliefs and deities of the Slovak people. It describes the worship of a supreme god named Perún, the creator of thunder and lightning, alongside numerous lesser gods associated with various natural elements and human experiences. The text highlights the rituals, sacrifices, and festivals dedicated to these deities, illustrating the rich tapestry of Slovak folklore that interweaves spirituality with daily life. The book also suggests connections between Slovak gods and Indian deities, indicating a shared cultural heritage.","['The supreme god of the ancient Slovaks was Perún, revered as the creator of thunder, lightning, and the universe.', 'The Slovaks worshipped a multitude of gods representing various aspects of life and nature, including gods of the mountains, water, and emotions.', 'The text draws parallels between Slovak deities and those from Indian mythology, suggesting historical cultural connections.']","['Perún - The supreme god of thunder and creator.', 'Morana - The goddess of death and winter.', 'Svatovít - A major deity associated with strength, war, and victory.']"
,[],[]
,[],[]
" The story unfolds in a village during contemporary times, primarily focusing on the lives of its inhabitants around Christmas and other significant events throughout the year. The narrative centers on the interactions and relationships among several families, particularly during festive occasions and the challenges they face in their daily lives. The characters navigate themes of love, family dynamics, and the struggles of rural life, culminating in a deeper understanding of community ties and personal growth.","['The story is set in a contemporary village and spans different seasons, highlighting Christmas and other significant events throughout the year.', 'The narrative explores themes of family dynamics, love, and the challenges of rural life.', ""The characters' interactions during festive occasions reveal the importance of community and personal relationships.""]","['Tomáš Kamenský - the artist', ""Eva - Tomáš's wife"", ""Ondrej Palčík - the farmer and Eva's husband""]"
,[],[]
" The novel follows the life of Marcel Strážnický, a young man caught in the turmoil of the kuruc uprisings in Hungary. As he navigates the challenges posed by his family's expectations, financial troubles, and societal upheaval, he finds himself torn between his loyalty to his family and his desire for freedom and justice. The story explores themes of love, sacrifice, and the impact of political strife on personal lives, ultimately leading to a tragic but poignant conclusion where love and loss intertwine.","['The novel illustrates the societal pressures and personal struggles faced by individuals during the kuruc uprisings in Hungary, highlighting the conflict between loyalty to family and the pursuit of personal freedom.', 'Marcel Strážnický is faced with difficult choices that lead him to join the kuruc rebellion, only to discover the harsh realities of war and betrayal within his own ranks.', 'The narrative emphasizes the importance of relationships and community, as characters navigate their fates influenced by the broader socio-political context.']","['Marcel Strážnický - the protagonist, a young man caught between familial obligations and his desire for freedom.', ""Sabína Strážnická - Marcel's love interest, who embodies compassion and resilience throughout the turmoil."", 'Byvar - the authoritative figure representing societal expectations and the complexities of familial loyalty.']"
,[],[]
,[],[]
" ""Moje otcovstvo"" is a humorous and introspective narrative about a man who perceives himself as physically unattractive and socially awkward. He struggles with feelings of inferiority, particularly in his relationships with women. Despite his self-deprecating view, he yearns for love and companionship. The protagonist recounts his experiences with various women, including his unrequited love for Ľudmila, and his eventual encounter with Anuška, a girl he saved from an accident, which sparks a connection. The story explores themes of self-acceptance, the complexities of romantic relationships, and the protagonist's journey toward recognizing his worth.","['The protagonist struggles with feelings of inadequacy due to his physical appearance and social skills, leading to a humorous yet poignant exploration of self-esteem.', 'His romantic pursuits often end in disappointment, such as his failed attempts to win the affection of Ľudmila, highlighting the challenges of love and attraction.', 'The turning point in the narrative occurs when he meets Anuška, a girl whose life he saved, leading to a potential romantic relationship that contrasts with his previous experiences.']","['Protagonist - The unnamed narrator who grapples with self-image and romantic failures.', 'Ľudmila - The girl the protagonist initially falls in love with, representing unattainable beauty and social grace.', 'Anuška - The girl he saves from an accident, symbolizing hope and the possibility of genuine connection.']"
" The text explores the concept of ""vedenie"" (leading or knowledge) and its relationship to human consciousness and existence. It discusses how leading involves awareness of external things and the power to govern them through work and knowledge. The work of humanity is portrayed as a transformation of nature, driven by the understanding and management of external forces. The text further delves into the complexities of knowledge acquisition, memory, and the challenges philosophers have faced in comprehending the nature of consciousness and its connection to external reality. It highlights the philosophical struggles to reconcile the subjective experience of knowledge with its objective validity in the external world.","['Vedenie is defined as the awareness of external things and the ability to govern them, which is essential for human work and societal progress.', 'The relationship between knowledge and memory is crucial, as memory allows for the retrieval of knowledge that has been acquired, enabling individuals to act and think effectively.', 'Philosophers throughout history, including Plato and Aristotle, have grappled with the nature of consciousness and the challenges of explaining how knowledge represents reality without losing the essence of the external objects.']","['Plato - A philosopher who proposed the theory of ideas and sought to explain the nature of knowledge and its relation to reality.', ""Aristotle - A philosopher who critiqued Plato's ideas and emphasized the importance of empirical observation in understanding knowledge."", 'Anaxagoras - An early thinker who contributed to the discussions on the nature of the mind and consciousness.']"
